{"Epoch": 1, "Loss": 2.170890459447951, "Train Accuracy": 0.49744955087212916, "Train Precision": 0.5782647976907414, "Train Recall": 0.49744955087212916, "Train F1": 0.48548059831188695, "Validation Accuracy": 0.488388295401765, "Validation Precision": 0.5580688396164482, "Validation Recall": 0.488388295401765, "Validation F1": 0.476992670555873, "_timestamp": 1701906739.7678525, "_runtime": 6079.854742527008, "_step": 0, "_wandb": {"runtime": 6079}}