{"Epoch": 1, "Loss": 3.1764408688486356, "Train Accuracy": 0.1597949687725497, "Train Precision": 0.1126704125790795, "Train Recall": 0.1597949687725497, "Train F1": 0.11158944424309081, "Validation Accuracy": 0.15977705527171387, "Validation Precision": 0.11266022349165714, "Validation Recall": 0.15977705527171387, "Validation F1": 0.11073139644423903, "_timestamp": 1701817572.1589053, "_runtime": 4801.990458250046, "_step": 0}