{"Epoch": 3, "Loss": 1.7482095285138088, "Train Accuracy": 0.5408445096917067, "Train Precision": 0.5449968556839623, "Train Recall": 0.5408445096917067, "Train F1": 0.5381868058816681, "Validation Accuracy": 0.5271713887598699, "Validation Precision": 0.5303617479852587, "Validation Recall": 0.5271713887598699, "Validation F1": 0.5243966010533231, "_timestamp": 1702607326.8505554, "_runtime": 18384.50653243065, "_step": 2, "gradients/fc2.bias": {"_type": "histogram", "values": [1.0, 0.0, 0.0, 0.0, 0.0, 0.0, 0.0, 0.0, 0.0, 0.0, 0.0, 0.0, 0.0, 0.0, 1.0, 0.0, 1.0, 0.0, 0.0, 1.0, 0.0, 1.0, 1.0, 2.0, 1.0, 0.0, 0.0, 1.0, 1.0, 0.0, 0.0, 0.0, 0.0, 1.0, 12.0, 0.0, 0.0, 3.0, 1.0, 1.0, 0.0, 1.0, 1.0, 0.0, 0.0, 1.0, 0.0, 0.0, 0.0, 0.0, 1.0, 0.0, 0.0, 0.0, 3.0, 0.0, 0.0, 0.0, 0.0, 0.0, 0.0, 0.0, 0.0, 1.0], "bins": [-0.04468240588903427, -0.04337838292121887, -0.04207436367869377, -0.04077034071087837, -0.03946631774306297, -0.03816229850053787, -0.03685827553272247, -0.035554252564907074, -0.03425023332238197, -0.032946210354566574, -0.03164219111204147, -0.030338168144226074, -0.029034147039055824, -0.027730125933885574, -0.026426102966070175, -0.025122081860899925, -0.023818058893084526, -0.022514037787914276, -0.021210014820098877, -0.019905993714928627, -0.018601972609758377, -0.017297949641942978, -0.015993928536772728, -0.014689907431602478, -0.013385884463787079, -0.012081862427294254, -0.010777841322124004, -0.00947381928563118, -0.00816979818046093, -0.006865776143968105, -0.005561754107475281, -0.004257733002305031, -0.002953711897134781, -0.0016496902098879218, -0.00034566852264106274, 0.0009583532810211182, 0.0022623748518526554, 0.0035663964226841927, 0.004870418459177017, 0.006174439564347267, 0.007478460669517517, 0.008782482706010342, 0.010086503811180592, 0.011390525847673416, 0.012694546952843666, 0.01399856898933649, 0.015302591025829315, 0.016606612130999565, 0.017910635098814964, 0.019214656203985214, 0.020518679171800613, 0.021822700276970863, 0.023126721382141113, 0.024430744349956512, 0.025734765455126762, 0.027038786560297012, 0.02834280952811241, 0.02964683063328266, 0.03095085360109806, 0.03225487470626831, 0.03355889767408371, 0.03486291691660881, 0.03616693988442421, 0.03747095912694931, 0.03877498209476471]}, "gradients/fc2.weight": {"_type": "histogram", "values": [1.0, 0.0, 0.0, 2.0, 2.0, 3.0, 3.0, 4.0, 2.0, 6.0, 13.0, 5.0, 7.0, 11.0, 20.0, 20.0, 30.0, 22.0, 37.0, 53.0, 61.0, 86.0, 95.0, 128.0, 170.0, 181.0, 259.0, 325.0, 432.0, 33634.0, 1020.0, 497.0, 270.0, 140.0, 119.0, 66.0, 39.0, 30.0, 23.0, 16.0, 12.0, 6.0, 10.0, 5.0, 4.0, 3.0, 3.0, 5.0, 0.0, 2.0, 1.0, 1.0, 2.0, 1.0, 0.0, 0.0, 0.0, 0.0, 0.0, 0.0, 0.0, 0.0, 0.0, 1.0], "bins": [-0.2610240876674652, -0.2520309090614319, -0.24303771555423737, -0.23404453694820404, -0.22505134344100952, -0.2160581648349762, -0.20706498622894287, -0.19807180762290955, -0.18907861411571503, -0.1800854355096817, -0.17109224200248718, -0.16209906339645386, -0.15310588479042053, -0.144112691283226, -0.1351195126771927, -0.12612631916999817, -0.11713314056396484, -0.10813995450735092, -0.099146768450737, -0.09015358984470367, -0.08116040378808975, -0.07216721773147583, -0.0631740391254425, -0.05418085306882858, -0.04518766701221466, -0.03619448095560074, -0.027201298624277115, -0.018208114430308342, -0.009214930236339569, -0.00022174417972564697, 0.008771438151597977, 0.0177646204829216, 0.026757776737213135, 0.03575096279382706, 0.04474414512515068, 0.053737327456474304, 0.06273051351308823, 0.07172369956970215, 0.08071687817573547, 0.0897100642323494, 0.09870325028896332, 0.10769643634557724, 0.11668962240219116, 0.1256828010082245, 0.1346759796142578, 0.14366917312145233, 0.15266235172748566, 0.16165554523468018, 0.1706487238407135, 0.17964190244674683, 0.18863509595394135, 0.19762827455997467, 0.2066214680671692, 0.21561464667320251, 0.22460782527923584, 0.23360100388526917, 0.24259419739246368, 0.2515873908996582, 0.26058056950569153, 0.26957374811172485, 0.2785669267177582, 0.2875601053237915, 0.2965533137321472, 0.30554649233818054, 0.31453967094421387]}, "gradients/fc1.bias": {"_type": "histogram", "values": [1.0, 0.0, 0.0, 0.0, 0.0, 1.0, 0.0, 0.0, 0.0, 0.0, 2.0, 0.0, 1.0, 0.0, 3.0, 2.0, 5.0, 3.0, 3.0, 5.0, 2.0, 6.0, 3.0, 7.0, 7.0, 7.0, 9.0, 11.0, 14.0, 12.0, 8.0, 14.0, 19.0, 18.0, 701.0, 23.0, 19.0, 13.0, 14.0, 13.0, 13.0, 11.0, 3.0, 10.0, 3.0, 4.0, 7.0, 3.0, 3.0, 6.0, 0.0, 3.0, 2.0, 1.0, 0.0, 2.0, 0.0, 2.0, 1.0, 0.0, 0.0, 1.0, 1.0, 2.0], "bins": [-0.0081748366355896, -0.007940337993204594, -0.007705838419497013, -0.007471339777112007, -0.007236840669065714, -0.007002341561019421, -0.006767842452973127, -0.006533343344926834, -0.006298844236880541, -0.006064345128834248, -0.005829846020787954, -0.005595346912741661, -0.005360848270356655, -0.005126349162310362, -0.004891850054264069, -0.004657350946217775, -0.004422851838171482, -0.004188352730125189, -0.003953853622078896, -0.003719354746863246, -0.0034848556388169527, -0.003250356763601303, -0.00301585765555501, -0.0027813585475087166, -0.0025468599051237106, -0.0023123607970774174, -0.0020778619218617678, -0.0018433628138154745, -0.0016088637057691813, -0.0013743647141382098, -0.0011398657225072384, -0.0009053666144609451, -0.0006708675064146519, -0.0004363684565760195, -0.00020186943584121764, 3.262958489358425e-05, 0.0002671286347322166, 0.0005016276845708489, 0.0007361266762018204, 0.0009706257842481136, 0.0012051248922944069, 0.0014396238839253783, 0.0016741229919716716, 0.001908621983602643, 0.0021431210916489363, 0.002377619966864586, 0.002612119074910879, 0.0028466181829571724, 0.003081117058172822, 0.0033156161662191153, 0.003550115041434765, 0.003784614149481058, 0.004019113257527351, 0.004253612365573645, 0.004488111473619938, 0.004722610116004944, 0.004957109224051237, 0.00519160833209753, 0.005426107440143824, 0.005660606548190117, 0.005895105190575123, 0.006129604298621416, 0.006364103406667709, 0.006598602514714003, 0.006833101622760296]}, "gradients/fc1.weight": {"_type": "histogram", "values": [1.0, 1.0, 0.0, 1.0, 0.0, 0.0, 0.0, 1.0, 1.0, 4.0, 1.0, 0.0, 0.0, 2.0, 4.0, 3.0, 8.0, 7.0, 11.0, 24.0, 22.0, 32.0, 46.0, 99.0, 207.0, 407.0, 812.0, 1826.0, 4454.0, 11627.0, 35162.0, 141819.0, 203366496.0, 1784073.0, 134766.0, 34802.0, 11926.0, 4555.0, 2149.0, 1104.0, 558.0, 289.0, 168.0, 75.0, 47.0, 32.0, 16.0, 8.0, 8.0, 7.0, 3.0, 3.0, 1.0, 7.0, 4.0, 4.0, 1.0, 0.0, 1.0, 0.0, 1.0, 3.0, 0.0, 1.0], "bins": [-0.01422777771949768, -0.013796488754451275, -0.013365199789404869, -0.012933910824358463, -0.012502621859312057, -0.012071331962943077, -0.011640042997896671, -0.011208754032850266, -0.01077746506780386, -0.010346176102757454, -0.009914887137711048, -0.009483598172664642, -0.009052308276295662, -0.00862102024257183, -0.00818973034620285, -0.0077584413811564445, -0.007327152416110039, -0.006895863451063633, -0.006464574486017227, -0.006033285055309534, -0.005601996090263128, -0.0051707071252167225, -0.004739417694509029, -0.004308128729462624, -0.003876839764416218, -0.003445550799369812, -0.0030142616014927626, -0.002582972403615713, -0.0021516834385693073, -0.0017203944735229015, -0.001289105275645852, -0.0008578160777688026, -0.00042652711272239685, 4.761968739330769e-06, 0.0004360510502010584, 0.000867340131662786, 0.0012986292131245136, 0.0017299181781709194, 0.002161207376047969, 0.0025924965739250183, 0.003023785538971424, 0.00345507450401783, 0.0038863637018948793, 0.004317652899771929, 0.004748941864818335, 0.00518023082986474, 0.0056115202605724335, 0.006042809225618839, 0.006474098190665245, 0.006905387155711651, 0.007336676120758057, 0.00776796555146575, 0.008199254050850868, 0.008630543947219849, 0.009061832912266254, 0.00949312187731266, 0.009924410842359066, 0.010355699807405472, 0.010786988772451878, 0.011218277737498283, 0.011649567633867264, 0.012080855667591095, 0.012512145563960075, 0.012943434529006481, 0.013374723494052887]}, "gradients/conv3.weight": {"_type": "histogram",