{"Epoch": 10, "Loss": 0.7936127358927062, "Train Accuracy": 0.7746149443877678, "Train Precision": 0.7812802027375376, "Train Recall": 0.7746149443877678, "Train F1": 0.7739026070531102, "Validation Accuracy": 0.7373432419879238, "Validation Precision": 0.7464067491922852, "Validation Recall": 0.7373432419879238, "Validation F1": 0.7367717918470303, "_timestamp": 1702646665.3998635, "_runtime": 57723.05584049225, "_step": 9, "gradients/fc2.bias": {"_type": "histogram", "values": [1.0, 0.0, 0.0, 1.0, 1.0, 0.0, 0.0, 0.0, 0.0, 0.0, 0.0, 0.0, 0.0, 0.0, 0.0, 0.0, 0.0, 0.0, 1.0, 0.0, 1.0, 0.0, 1.0, 0.0, 0.0, 2.0, 0.0, 1.0, 0.0, 1.0, 0.0, 0.0, 1.0, 1.0, 0.0, 10.0, 3.0, 2.0, 0.0, 0.0, 1.0, 0.0, 0.0, 1.0, 1.0, 0.0, 0.0, 1.0, 0.0, 1.0, 0.0, 0.0, 0.0, 0.0, 0.0, 0.0, 0.0, 1.0, 1.0, 0.0, 1.0, 0.0, 1.0, 1.0], "bins": [-0.033283449709415436, -0.03234390541911125, -0.03140435740351677, -0.030464813113212585, -0.0295252688229084, -0.02858572266995907, -0.027646176517009735, -0.02670663222670555, -0.025767087936401367, -0.024827541783452034, -0.02388799749314785, -0.022948451340198517, -0.022008907049894333, -0.021069360896945, -0.020129814743995667, -0.019190270453691483, -0.01825072430074215, -0.017311178147792816, -0.016371633857488632, -0.015432087704539299, -0.014492543414235115, -0.013552997261285782, -0.012613452039659023, -0.011673906818032265, -0.010734360665082932, -0.009794815443456173, -0.008855270221829414, -0.007915724068880081, -0.00697617931291461, -0.006036634091287851, -0.0050970884039998055, -0.004157543182373047, -0.003218000754714012, -0.0022784555330872536, -0.0013389100786298513, -0.0003993646241724491, 0.0005401805974543095, 0.001479725819081068, 0.002419271506369114, 0.0033588167279958725, 0.0042983610183000565, 0.005237906239926815, 0.006177451461553574, 0.0071169971488416195, 0.00805654190480709, 0.008996088057756424, 0.009935633279383183, 0.010875178501009941, 0.011814724653959274, 0.012754269875586033, 0.013693815097212791, 0.014633361250162125, 0.015572905540466309, 0.016512451693415642, 0.017451997846364975, 0.01839154213666916, 0.019331086426973343, 0.020270632579922676, 0.02121017687022686, 0.022149723023176193, 0.023089267313480377, 0.02402881346642971, 0.024968359619379044, 0.025907903909683228, 0.02684745006263256]}, "gradients/fc2.weight": {"_type": "histogram", "values": [2.0, 1.0, 1.0, 0.0, 0.0, 1.0, 1.0, 3.0, 0.0, 0.0, 1.0, 3.0, 1.0, 3.0, 6.0, 1.0, 3.0, 7.0, 6.0, 10.0, 11.0, 12.0, 17.0, 22.0, 33.0, 39.0, 48.0, 72.0, 77.0, 107.0, 121.0, 160.0, 219.0, 434.0, 34960.0, 739.0, 295.0, 143.0, 85.0, 66.0, 42.0, 32.0, 17.0, 13.0, 7.0, 10.0, 10.0, 8.0, 6.0, 5.0, 7.0, 3.0, 1.0, 1.0, 5.0, 3.0, 1.0, 0.0, 2.0, 1.0, 1.0, 1.0, 1.0, 1.0], "bins": [-0.37155619263648987, -0.3606797456741333, -0.34980329871177673, -0.33892685174942017, -0.3280504047870636, -0.31717395782470703, -0.30629751086235046, -0.2954210638999939, -0.28454461693763733, -0.27366816997528076, -0.2627917230129242, -0.2519152760505676, -0.24103882908821106, -0.2301623821258545, -0.21928593516349792, -0.20840948820114136, -0.1975330412387848, -0.18665659427642822, -0.17578014731407166, -0.1649037003517151, -0.15402725338935852, -0.14315080642700195, -0.13227435946464539, -0.12139791250228882, -0.11052146553993225, -0.09964501857757568, -0.08876857161521912, -0.07789212465286255, -0.06701567769050598, -0.056139230728149414, -0.04526278376579285, -0.03438633680343628, -0.023509889841079712, -0.012633442878723145, -0.0017569959163665771, 0.00911945104598999, 0.019995898008346558, 0.030872344970703125, 0.04174879193305969, 0.05262523889541626, 0.06350168585777283, 0.0743781328201294, 0.08525457978248596, 0.09613102674484253, 0.1070074737071991, 0.11788392066955566, 0.12876036763191223, 0.1396368145942688, 0.15051326155662537, 0.16138970851898193, 0.1722661554813385, 0.18314260244369507, 0.19401904940605164, 0.2048954963684082, 0.21577194333076477, 0.22664839029312134, 0.2375248372554779, 0.24840128421783447, 0.25927773118019104, 0.2701541781425476, 0.2810306251049042, 0.29190707206726074, 0.3027835190296173, 0.3136599659919739, 0.32453641295433044]}, "gradients/fc1.bias": {"_type": "histogram", "values": [1.0, 0.0, 0.0, 1.0, 0.0, 2.0, 2.0, 6.0, 1.0, 0.0, 0.0, 2.0, 2.0, 5.0, 8.0, 8.0, 16.0, 10.0, 10.0, 11.0, 18.0, 21.0, 16.0, 16.0, 28.0, 655.0, 23.0, 28.0, 8.0, 17.0, 10.0, 13.0, 7.0, 11.0, 12.0, 14.0, 10.0, 8.0, 4.0, 4.0, 4.0, 1.0, 2.0, 1.0, 2.0, 1.0, 2.0, 0.0, 0.0, 0.0, 0.0, 0.0, 0.0, 0.0, 1.0, 1.0, 0.0, 0.0, 0.0, 0.0, 0.0, 0.0, 0.0, 1.0], "bins": [-0.007833928801119328, -0.007529261987656355, -0.007224595174193382, -0.006919928826391697, -0.006615262012928724, -0.006310595199465752, -0.006005928386002779, -0.005701261572539806, -0.005396595224738121, -0.005091928411275148, -0.004787261597812176, -0.00448259525001049, -0.004177928436547518, -0.003873261623084545, -0.0035685948096215725, -0.0032639282289892435, -0.002959261182695627, -0.0026545943692326546, -0.0023499277886003256, -0.002045260975137353, -0.0017405942780897021, -0.0014359275810420513, -0.0011312607675790787, -0.0008265941869467497, -0.0005219271406531334, -0.00021726041450165212, 8.740631164982915e-05, 0.0003920730669051409, 0.0006967397639527917, 0.0010014064610004425, 0.0013060732744634151, 0.0016107398550957441, 0.0019154064357280731, 0.0022200732491910458, 0.0025247398298233747, 0.0028294066432863474, 0.0031340732239186764, 0.003438740037381649, 0.0037434068508446217, 0.004048073664307594, 0.00435274001210928, 0.004657406825572252, 0.004962073639035225, 0.00526673998683691, 0.005571406800299883, 0.0058760736137628555, 0.006180740427225828, 0.006485407240688801, 0.0067900740541517735, 0.007094740867614746, 0.007399407681077719, 0.007704074494540691, 0.008008740842342377, 0.008313408121466637, 0.008618074469268322, 0.008922740817070007, 0.009227408096194267, 0.009532074443995953, 0.009836741723120213, 0.010141408070921898, 0.010446075350046158, 0.010750741697847843, 0.011055408045649529, 0.011360075324773788, 0.011664741672575474]}, "gradients/fc1.weight": {"_type": "histogram", "values": [2.0, 0.0, 0.0, 2.0, 2.0, 4.0, 6.0, 6.0, 7.0, 9.0, 10.0, 18.0, 14.0, 33.0, 34.0, 63.0, 94.0, 138.0, 158.0, 242.0, 344.0, 502.0, 780.0, 1286.0, 1845.0, 3055.0, 5270.0, 9276.0, 16581.0, 34469.0, 80168.0, 240051.0, 203539616.0, 1256501.0, 207550.0, 73299.0, 32091.0, 16234.0, 8640.0, 4960.0, 3003.0, 1720.0, 1095.0, 696.0, 455.0, 285.0, 184.0, 105.0, 89.0, 68.0, 43.0, 34.0, 22.0, 14.0, 9.0, 5.0, 6.0, 3.0, 4.0, 0.0, 0.0, 2.0, 0.0, 3.0], "bins": [-0.009932063519954681, -0.009630421176552773, -0.009328778833150864, -0.009027136489748955, -0.008725494146347046, -0.008423851802945137, -0.008122209459543228, -0.00782056711614132, -0.00751892477273941, -0.0072172824293375015, -0.006915640085935593, -0.006613997742533684, -0.006312355399131775, -0.006010713055729866, -0.005709070712327957, -0.005407428368926048, -0.005105786025524139, -0.0048041436821222305, -0.004502501338720322, -0.004200858995318413, -0.003899216651916504, -0.003597574308514595, -0.003295931965112686, -0.0029942896217107773, -0.0026926472783088684, -0.0023910049349069595, -0.0020893625915050507, -0.0017877202481031418, -0.001486077904701233, -0.001184435561299324, -0.0008827932178974152, -0.0005811508744955063, -0.0002795085310935974, 2.2133812308311462e-05, 0.00032377615571022034, 0.0006254184991121292, 0.0009270608425140381, 0.001228703185915947, 0.0015303455293178558, 0.0018319878727197647, 0.0021336302161216736, 0.0024352725595235825, 0.0027369149029254913, 0.0030385572463274, 0.003340199589729309, 0.003641841933131218, 0.003943484276533127, 0.004245126619935036, 0.004546768963336945, 0.0048484113067388535, 0.005150053650140762, 0.005451695993542671, 0.00575333833694458, 0.006054980680346489, 0.006356623023748398, 0.006658265367150307, 0.006959907710552216, 0.0072615500539541245, 0.007563192397356033, 0.007864834740757942, 0.008166477084159851, 0.00846811942756176, 0.008769761770963669, 0.009071404114365578, 0.009373046457767487]},