{"Epoch": 10, "Loss": 0.07493224045560684, "Train Accuracy": 0.9692453158824554, "Train Precision": 0.970115584501352, "Train Recall": 0.9692453158824554, "Train F1": 0.9692424136645537, "Validation Accuracy": 0.9578495123084069, "Validation Precision": 0.9589805606239639, "Validation Recall": 0.9578495123084069, "Validation F1": 0.9577995189331773, "_timestamp": 1701892493.0729213, "_runtime": 47962.08000922203, "_step": 9, "_wandb": {"runtime": 47960}}